{"cameraMode":{"drawMode":0,"name":"Shaded","section":"Shading Mode"},"sceneLighting":true,"audioPlay":false,"sceneViewState":{"m_AlwaysRefresh":false,"showFog":true,"showSkybox":true,"showFlares":true,"showImageEffects":true,"showParticleSystems":true,"showVisualEffectGraphs":true,"m_FxEnabled":true},"in2DMode":false,"pivot":{"x":-4.436798572540283,"y":-0.14313650131225587,"z":3.0404582023620607},"rotation":{"x":-0.07138977944850922,"y":0.9000956416130066,"z":-0.16128957271575929,"w":-0.3983994126319885},"size":2.9026317596435549,"orthographic":false}